effectiveness, elapsed_time
0.0213262, 26
0.0213262, 27
0.0213262, 27
0.0213262, 26
0.0213262, 27
0.0213262, 27
0.0213262, 27
0.0213262, 26
0.0213262, 26
0.0213262, 27
0.0213262, 27
0.0213262, 26
0.0213262, 26
0.0213262, 27
0.0213262, 27
0.0213262, 26
0.0213262, 27
0.0213262, 27
0.0213262, 27
0.0213262, 26
0.0213262, 26
0.0213301, 27
0.0213262, 27
0.0213262, 26
0.0213262, 26
0.0213262, 27
0.0213262, 27
0.0213262, 26
0.0213262, 26
0.0213262, 27