effectiveness,depth,time
0.00861694, 41, 339
0.008615, 41, 337
0.00861694, 41, 335
0.0086439, 41, 359
0.00861694, 41, 384
0.008615, 41, 388
0.00861694, 41, 394
0.00861694, 41, 400
0.00861694, 41, 384
0.00862413, 41, 429
0.00861694, 41, 400
0.00861694, 41, 389
0.008615, 41, 391
0.00861694, 41, 403
0.00861694, 41, 415